{
  "netif": {
    "attrs": {
      "rx-coarse-skew": [0,1,2,2],
      "rx-fine-skew" : [0,82,262,0],
      "tx-coarse-skew" : [1,0,0,0],
      "tx-fine-skew" : [0,30,0,55],
      "tx-tap" : [[-0.02734375, 0.08203125, -0.1328125, -0.03125, 0.4453125, -0.03125, -0.1328125, 0.08203125, -0.03125],
                  [-0.02734375, 0.08203125, -0.1328125, -0.03125, 0.4453125, -0.03125, -0.1328125, 0.08203125, -0.02734375],
                  [-0.03125, 0.08203125, -0.1328125, -0.03125, 0.4453125, -0.03125, -0.1328125, 0.08203125, -0.03125],
                  [-0.02734375, 0.078125, -0.1328125, -0.03125, 0.4453125, -0.03125, -0.1328125, 0.08203125, -0.02734375]],
      "tx-eql-amp" : [14,14,14,14]
    }
  }
}
